date,tavg,tmin,tmax,prcp,snow,wdir,wspd,wpgt,pres,tsun
2020-01-01,0.5,-3.3,5.5,0,0,352.9,5,16.6,1036.3,389
2020-01-02,-2.2,-5.9,3,0.1,0,349.1,5.6,14.8,1032.2,456
2020-01-03,-3.2,-4.3,-1.1,0,0,352.4,6,14.8,1029.4,0
2020-01-04,2.9,-1.1,5.8,1.8,0,268.4,21.9,61.2,1027.6,0
2020-01-05,1.4,-1.1,3.6,0.8,0,308.8,14.1,55.4,1035.5,36
2020-01-06,-0.8,-4.2,3.6,0,0,24,3.2,11.2,1032.9,0
2020-01-07,-1.5,-5.8,2.5,0.1,0,269.2,10.4,33.5,1031.3,30
2020-01-08,1.6,0.7,2.6,1.8,0,360,5.4,14.8,1032.4,0
2020-01-09,3.4,0.7,8.5,0,0,360,4.7,9.4,1025.2,298
2020-01-10,-0.3,-2.1,2,0,0,360,3.9,13,1023.9,244
2020-01-11,3.6,-2.4,6.7,0.1,0,281.2,13.5,37.1,1032.9,29
2020-01-12,-3,-5.1,-1.6,0.1,0,241.8,5.3,13,1031.3,29
2020-01-13,-1,-3.1,-0.3,0,0,353.2,6,14.8,1027,168
2020-01-14,-1.1,-2,-0.4,0,0,43.3,10.4,20.5,1023.5,355
2020-01-15,-1.8,-2.3,-1.1,0,0,94.6,12.2,29.5,1026,296
2020-01-16,0.2,-2.2,4.2,0,0,29,6.4,29.5,1032.2,367
2020-01-17,-0.2,-2.2,1.6,0,0,19.8,9.9,25.9,1025.2,478
2020-01-18,0.9,-1.3,3,4,0,354.9,7.1,24.1,1027.4,2
2020-01-19,1.4,-0.2,3.3,0.8,0,302,12,25.9,1034.4,0
2020-01-20,0.7,-1.2,3.9,1.2,30,6.4,8.3,20.5,1046.1,256
2020-01-21,-1.1,-3.4,0,0,0,11.4,7.1,25.9,1043.4,0
2020-01-22,-2,-2.4,-1.4,0,0,306.7,12.4,27.7,1037.3,0
2020-01-23,-0.4,-2.7,3.9,0,0,26.8,10.1,35.3,1033.8,375
2020-01-24,-1.7,-3.8,0.5,0,0,357.9,5.1,14.8,1027.5,208
2020-01-25,-2.4,-5.1,0.4,0.1,0,343.1,4.2,7.6,1025,115
2020-01-26,-0.8,-2.1,0.6,0,0,360,5.6,13,1022.7,0
2020-01-27,0.1,-1.2,3.7,1.2,0,360,5.1,13,1018.2,250
2020-01-28,1.1,-0.6,4.7,3.7,0,337.2,14.6,87.1,1006.5,18
2020-01-29,2,-0.3,3.9,10.2,10,259.8,20.9,61.2,1011,15
2020-01-30,3.7,1.2,8.7,0,0,290.7,13.8,38.9,1017.3,312
2020-01-31,9.3,1.6,14.3,4.7,0,287.2,20.4,66.6,1012.7,20
2020-02-01,11.5,6.9,15.7,0.6,0,260.6,15.6,51.8,1012,435
2020-02-02,9.5,4.7,12.7,9,0,273.2,19.2,81.7,1013.7,62
2020-02-03,6.7,5.3,10.8,21.9,0,247.7,27.8,59.4,1016.1,0
2020-02-04,4.2,1.5,7.6,7.6,0,285.3,29.8,92.5,1009.1,91
2020-02-05,2.3,0.1,4,0.3,0,299.4,27.9,63,1026,241
2020-02-06,0.4,-3.4,4.4,0,0,272.2,16.4,38.9,1033.2,487
2020-02-07,0.6,-3.5,5.5,0,0,5.5,7.8,22.3,1031,538
2020-02-08,0.6,-2.6,4.7,0,0,11.1,7.7,18.4,1028.2,523
2020-02-09,0.2,-5,6.9,0,0,360,5.4,14.8,1024.1,500
2020-02-10,5,0.6,10.7,6.2,0,311.5,20,105.5,1006.4,249
2020-02-11,5.1,3.5,8.3,4.6,0,257.8,33.9,98.3,1008.2,47
2020-02-12,3.5,0.4,6.8,1.6,0,264.5,29.4,83.5,1018.3,63
2020-02-13,3,-0.4,6.6,0.3,0,71.5,14.3,44.6,1016.9,303
2020-02-14,6.3,4.7,8.4,1.4,0,273,25.7,55.4,1018.9,28
2020-02-15,5.5,0.8,10.8,0,0,9.7,8.6,27.7,1027,478
2020-02-16,3.8,-1.9,9.7,0,0,5.1,5.3,20.5,1022.4,215
2020-02-17,5.8,-0.4,11.4,0.3,0,349.4,8,38.9,1019.8,352
2020-02-18,6.7,4.5,9.6,3,0,270.6,22.1,61.2,1026.7,280
2020-02-19,4.2,1,7.9,2.6,0,299.5,16.4,61.2,1023,23
2020-02-20,3.5,-0.7,7.7,0,0,353.5,7.2,31.7,1024.4,48
2020-02-21,3.6,-1.1,7.4,2,0,314.5,25.1,70.6,1026.7,453
2020-02-22,5.5,0.4,12.6,0,0,346,7.7,27.7,1028.5,502
2020-02-23,10.3,6.8,16,6,0,283.1,27.2,87.1,1020.4,0
2020-02-24,6.4,2.4,12.9,1.9,0,291,22.4,101.9,1020.5,0
2020-02-25,4.4,-1.2,11.9,0.7,0,337.3,8.7,44.6,1007,15
2020-02-26,4.2,1.4,6.9,1.7,0,259.6,24.9,72.4,1001.7,28
2020-02-27,3.6,1.2,6.7,2.1,0,263.8,20.9,70.6,1005.1,151
2020-02-28,1.8,-1.5,4,2.1,0,296.6,31.7,94.7,1015.4,132
2020-02-29,3.2,-0.9,8,0.1,0,32.3,10.1,31.7,1008.7,199
2020-03-01,5.9,3.2,10.1,0.6,0,17.2,9,24.1,1004.5,313
2020-03-02,7.7,2.9,12.4,2.1,0,61,16.8,40.8,996.7,323
2020-03-03,5,2.8,8.8,6.8,0,274.1,20.1,55.5,1002.1,3
2020-03-04,3.7,0.5,6.5,0,0,321.3,10.8,37.1,1014.1,121
2020-03-05,4.4,-2.7,10.9,0.4,0,45.8,11.2,33.5,1005,289
2020-03-06,6.9,4.2,11,3.2,0,316.3,16.7,51.8,998.6,51
2020-03-07,4.9,3,6.8,2.5,0,271.2,25.2,53.6,1015.8,11
2020-03-08,4.7,1.8,9.2,0,0,356.3,6.9,24.1,1021.9,575
2020-03-09,3.8,-0.2,7.6,0.7,0,337.3,8.4,31.7,1016.1,23
2020-03-10,6,2.9,8.4,6.4,0,289.1,12.5,27.8,1017.3,30
2020-03-11,12.1,7.1,15.5,4.8,0,265.2,23.5,53.7,1015.9,61
2020-03-12,13.4,6.8,19.2,0.2,0,268,21.3,64.8,1014.6,422
2020-03-13,7.8,4.1,10.7,0.8,0,258.3,21.9,55.4,1019.2,203
2020-03-14,5.4,-0.1,10.5,0,0,8.8,9.6,27.7,1023.2,426
2020-03-15,4.9,-0.8,11.5,0,0,76.7,21.2,48.2,1024,645
2020-03-16,7,-1.7,16.6,0,0,8.2,5.1,20.5,1022.8,647
2020-03-17,6.6,1.1,13.1,1.2,0,342.5,6.2,25.9,1030.4,55
2020-03-18,8.6,1.7,17.4,0.2,0,360,4.2,11.2,1029.9,473
2020-03-19,9.9,1.4,18.6,0,0,339.3,4.7,14.8,1025.1,668
2020-03-20,10.9,2.9,19.4,0,0,1.3,5.1,18.4,1020.2,655
2020-03-21,5.5,2.5,10.5,7.1,0,47,14.9,38.9,1022.1,0
2020-03-22,1.4,-1.8,3.6,0,0,59.6,18.7,37.1,1031.4,670
2020-03-23,-0.2,-5.4,3.9,0,0,19.5,11.7,35.3,1035.6,608
2020-03-24,1.1,-3.2,5.4,0,0,23.8,10.5,25.9,1033.1,683
2020-03-25,0.4,-3.6,4.9,0,0,63.8,20.9,50,1028.3,669
2020-03-26,3.9,-0.8,7,0,0,90.8,27.4,53.6,1022.1,134
2020-03-27,10.2,4.8,16.1,0,0,93.4,22.4,48.2,1017.7,647
2020-03-28,10.3,1.3,17.1,0,0,358.3,9.1,25.9,1015.5,673
2020-03-29,7.9,2.9,11.9,0.2,0,,6.1,,1016.3,385
2020-03-30,2.8,0.3,5.5,0,0,9.3,11,33.5,1024.9,167
2020-03-31,0.7,-4,5.1,0,0,359.8,6.5,33.5,1027,320
2020-04-01,2.1,-4,8.2,0,10,11.2,6.6,24.1,1023.1,698
2020-04-02,4,-4.7,12.8,0,0,357.6,5.1,20.5,1014.6,705
2020-04-03,6.3,-1.4,13.3,0,0,327.4,12.6,46.4,1015.3,405
2020-04-04,8.9,4.3,13.8,0,0,5,6.5,20.5,1023.6,468
2020-04-05,9.9,2.8,17.5,0,0,82,19.8,44.6,1026.2,705
2020-04-06,14.5,7.9,22,0,0,74.8,17.7,38.9,1024,712
2020-04-07,13.3,3,21.3,0,0,23.9,9,29.5,1029,705
2020-04-08,13.7,6,21.7,0,0,88.9,8.4,24.1,1025.8,722
2020-04-09,12.4,2.1,21.6,0,0,345.1,9.6,35.3,1022.8,717
2020-04-10,13.7,6.6,20.8,0,0,357.5,7.8,24.1,1023.5,542
2020-04-11,13.5,6.6,20.5,0,0,7.4,7.2,22.3,1023.1,671
2020-04-12,14.2,4.4,22.1,0,0,357.7,5.9,24.1,1018.6,664
2020-04-13,13.4,6.9,20.9,3.6,0,334.2,12.6,51.8,1012.5,327
2020-04-14,5.4,3.5,7.4,1.2,0,287.3,16.8,38.9,1022.4,276
2020-04-15,6.5,-1.6,14.8,0,0,353.9,6.5,16.7,1026,752
2020-04-16,11.6,1.2,21.9,0,0,352.4,7.1,24.1,1019.2,745
2020-04-17,15.3,4.1,23.9,0,0,333.6,9.6,31.7,1015.4,671
2020-04-18,14.7,8,20.8,0,0,6.4,7,24.1,1015.1,456
2020-04-19,13.2,8.6,18.7,0,0,24.9,12.6,40.7,1015.5,481
2020-04-20,11.5,6.8,16.2,0,0,84.6,28.2,55.4,1017.8,699
2020-04-21,12.6,7.2,17.6,0,0,83.3,28.4,63,1017,729
2020-04-22,13,5.5,19.4,0,0,82.9,24,50,1018.9,769
2020-04-23,14,6.6,20,0,0,75.7,15.8,38.9,1018.8,769
2020-04-24,13.3,3.3,21.9,0,0,267.7,12.5,44.6,1012.9,609
2020-04-25,13.9,7.9,19.5,0,0,309.7,19.4,55.4,1008.5,734
2020-04-26,11.7,4.1,18.4,0,0,23.8,8.3,22.2,1011.1,770
2020-04-27,11.7,4.1,19.1,0.3,0,0.5,5.1,16.6,1011.2,261
2020-04-28,14.9,5,24.3,0,0,353.2,7.5,53.6,1006.5,625
2020-04-29,11.9,10.2,12.9,5.3,0,257.8,18,42.5,1008.2,1
2020-04-30,14.1,7.2,19.9,0,0,354.6,7.8,72.4,1008.4,493
2020-05-01,12.5,8.3,18.1,9.1,,317.6,12.6,38.9,1007.1,338
2020-05-02,10.9,7.5,15,0,,283.1,17.6,44.5,1010.1,167
2020-05-03,10.1,6.8,14.9,0,,283.1,17.4,40.8,1018.4,294
2020-05-04,10.5,4,17.1,3.4,,358.7,5.7,27.7,1018.1,220
2020-05-05,11,7.5,13.4,0.5,,342.6,11.1,24.1,1016.3,223
2020-05-06,9.3,2.3,14.4,0,,324.3,10.8,27.8,1022.4,750
2020-05-07,12.1,4,19.3,0,,275.5,18,42.6,1023.3,778
2020-05-08,14.6,4.5,24,0,,351.5,6.8,18.5,1018.6,712
2020-05-09,17.8,9.8,26.1,0,,14.4,7,18.5,1012.2,526
2020-05-10,15.9,11.6,20.2,0,,348.8,8.4,22.2,1007.7,227
2020-05-11,14.4,8.9,20.5,7.4,,358.1,14.9,38.9,999.7,4
2020-05-12,7.3,4,11.6,7.1,,345.7,10.5,35.2,1016.4,269
2020-05-13,9.4,4.7,13.5,0.3,,7.4,7.5,24.1,1011.3,81
2020-05-14,10.5,8.5,13.2,0.5,,20.8,8.9,25.9,1013.2,4
2020-05-15,9.1,8,10.8,2.1,,9,11.7,31.5,1016.2,48
2020-05-16,11.7,4,18.3,0.1,,2.4,5.4,24.1,1021.9,535
2020-05-17,15.4,10.1,20.9,0,,326.7,10.3,29.5,1020.4,715
2020-05-18,15.7,6.4,23.6,0,,343.5,7.8,27.7,1022.2,808
2020-05-19,17.3,8.9,25.3,0,,340.1,9.5,35.3,1018.9,814
2020-05-20,17.1,15.1,18.6,0.1,,10,9.5,38.9,1019.1,54
2020-05-21,17.1,12.9,22,0,,1.6,7.2,25.9,1021.2,535
2020-05-22,16.6,10.5,21.8,0,,22.2,10.8,20.4,1022.7,440
2020-05-23,16.1,10.3,23.4,13.5,,346.4,13.4,55.5,1021.9,126
2020-05-24,12.8,9.1,17,0.9,,269.8,22.8,44.5,1028.8,316
2020-05-25,12.7,11,16.2,7.1,,290.4,17.6,44.5,1028.7,144
2020-05-26,11.7,8.8,14.2,2.8,,315.1,13.7,50,1032.5,228
2020-05-27,13.2,5.2,19.9,0.1,,348.5,7.5,24.1,1032.4,730
2020-05-28,11.6,9.5,15.5,2.5,,344.3,10.1,31.7,1027.6,169
2020-05-29,10.5,8.3,13.9,1.3,,298.2,10.5,25.9,1026.2,138
2020-05-30,10.3,7.6,13.9,1.3,,342.4,8.4,22.3,1021.4,66
2020-05-31,9.5,4.8,13.8,8.4,,317.8,11,27.7,1020.6,137
2020-06-01,14.7,8.4,21.6,0,,322.8,9.9,22.3,1020.5,861
2020-06-02,16,8.9,21.4,0.2,,347.9,8,27.7,1016.2,739
2020-06-03,18.1,11.4,25.5,0,,359.5,11.3,35.3,1006.6,852
2020-06-04,17.2,11.8,21.8,2.8,,313.5,8.6,55.4,997.6,209
2020-06-05,14.7,12,18.6,4.5,,285.5,14.1,37.1,1000,150
2020-06-06,17.9,12.4,24.1,0.1,,358.9,11.4,40.7,1004.9,123
2020-06-07,16.4,10.5,24,2.1,,330,16.8,57.6,1007,91
2020-06-08,12.8,10,15.7,0.1,,348.2,7.9,25.9,1013.8,37
2020-06-09,14.1,13,15.6,4.9,,360,7.2,14.8,1012.2,0
2020-06-10,14.5,13.7,16,9.4,,360,5.1,14.8,1010.4,0
2020-06-11,17.1,11.7,22.6,0,,7.9,7.5,25.9,1008.4,498
2020-06-12,19.9,11.8,26.7,0,,56.3,11.6,37.1,1007.7,871
2020-06-13,22.2,14.4,28.4,0,,18.3,7.8,27.7,1007.3,872
2020-06-14,17.1,15.3,21.5,1.2,,268.2,19.8,42.5,1011,0
2020-06-15,14.7,14,15.9,13.7,,246.3,16.2,33.5,1014.5,0
2020-06-16,17.1,14.4,20.8,0,,273.1,16.8,29.5,1014.7,109
2020-06-17,19,15.4,23,0,,15.9,9.6,37.1,1010.1,700
2020-06-18,16.6,13.7,21,11.4,,273.4,19.4,46.4,1012.5,384
2020-06-19,16,11.4,20.7,0,,284.2,19.7,50,1015.3,172
2020-06-20,15,13.5,17.9,4.2,,255,16.7,31.7,1018.8,97
2020-06-21,15.6,13.8,17.9,8.7,,267.9,14.4,31.7,1018.8,121
2020-06-22,19.8,15.4,24.3,0.3,,277.2,18.5,48.2,1020.5,403
2020-06-23,20.6,16.2,25.6,0,,3,7.7,25.9,1022.2,609
2020-06-24,18.4,13.1,23.6,0,,18.7,9.6,31.7,1021.9,687
2020-06-25,16.2,11.9,22,4.3,,25.5,9,42.5,1019.7,475
2020-06-26,19.5,13.5,26,0.2,,355.9,6.9,25.9,1015,510
2020-06-27,22.7,16.2,29,8.7,,338.1,9.5,63,1013.6,686
2020-06-28,24.2,17.4,30.6,0.9,,344.4,9.2,55.4,1014.2,777
2020-06-29,18.4,17,20.7,29.8,,317.6,12,51.8,1014,239
2020-06-30,20.2,13.7,25.6,0.1,,339.6,9.5,31.7,1013,709
2020-07-01,21.9,14.8,29.8,4.3,,0.3,6.5,38.9,1011,643
2020-07-02,20.3,16.3,24.5,0,,331.1,11.1,31.7,1012,111
2020-07-03,19.1,15.9,22.6,4.3,,278.6,17,40.7,1016.8,378
2020-07-04,19.5,12.9,24.8,0,,328.1,11.1,27.7,1018.9,780
2020-07-05,21.7,13.9,27.6,0,,319.3,11,33.5,1016.5,683
2020-07-06,20.1,15.5,26.1,0.2,,306.5,16.2,50,1013.5,481
2020-07-07,16.6,11.6,20.5,0,,298.6,16.2,37.1,1019.7,699
2020-07-08,18.1,9.5,24.9,0,,346.9,8.1,31.7,1017,626
2020-07-09,21.8,16.2,27.8,0,,355,8,31.7,1016.4,692
2020-07-10,23.1,14.7,32.6,32,,352.9,7.8,74.2,1012.7,709
2020-07-11,15.9,13.1,18.6,21.2,,350.5,8.4,25.9,1020.2,5
2020-07-12,15.6,11.2,21.1,0,,359.6,5.9,16.6,1025.5,705
2020-07-13,17.3,10.5,22.9,0,,53,11,31.7,1022.4,864
2020-07-14,18.5,11.6,24.4,0,,12.9,7.7,24.1,1015.8,805
2020-07-15,17.8,11.8,23,2.3,,326,10.1,35.3,1013,187
2020-07-16,15.7,13.9,18.6,15.9,,283.3,14.3,29.5,1016.4,13
2020-07-17,14.3,12.3,17.4,10,,358.8,6.9,35.3,1018.8,207
2020-07-18,14,12.7,15.1,8.6,,272.8,13.1,29.6,1019,0
2020-07-19,17.8,14.4,23.2,0,,339.5,9.8,29.5,1016.8,486
2020-07-20,20.8,14.8,27.5,0.1,,313.8,6.2,25.9,1016,655
2020-07-21,21.8,15,28.5,0,,350.5,8,40.7,1017.9,637
2020-07-22,21.8,17.1,26.4,0,,343.8,6.8,29.5,1018.4,667
2020-07-23,20.1,13.5,26.3,0,,346.5,7.7,27.7,1014.8,435
2020-07-24,18.5,14.7,24.7,14.1,,355.3,7.2,31.7,1012,296
2020-07-25,19.9,15.6,25.6,0,,332.8,11.1,33.5,1013.8,456
2020-07-26,18.6,13.6,23.2,0,,352.9,7.2,42.5,1014.4,202
2020-07-27,20.9,15.5,27.1,0,,273,7.3,24.1,1017.2,704
2020-07-28,23.2,14.6,32.7,1.8,,352.4,7.8,31.7,1012.7,632
2020-07-29,22.1,18.5,25.7,0.8,,312.2,10.8,31.7,1017.4,568
2020-07-30,22.4,14.7,29.2,0,,360,4.4,20.5,1018.4,787
2020-07-31,23.8,16.1,30.8,0,,325.9,8.8,29.5,1016.2,784
2020-08-01,24,16.1,31.4,0,,8,6.5,22.3,1014.1,765
2020-08-02,22.4,17.6,25.7,0,,334.5,11.7,29.5,1012.4,0
2020-08-03,18.4,16.1,20.3,26.9,,312.7,12.2,25.9,1009.1,21
2020-08-04,14.3,13,16,28.6,,327.2,12.3,40.7,1011.7,0
2020-08-05,15.3,12.3,18.9,0.1,,321.9,9.8,20.5,1020.1,537
2020-08-06,19.4,12.4,25.7,0,,14.9,7.5,25.9,1020.1,775
2020-08-07,23,16,29.3,0,,41.8,11.4,38.9,1020,765
2020-08-08,23.9,15.5,31,0,,17.2,7.3,24.1,1019.3,774
2020-08-09,23.7,16.4,30.6,0,,212,4.1,16.6,1017.4,763
2020-08-10,24.3,16.7,30.9,0,,49.5,9.3,31.7,1014.4,775
2020-08-11,23.4,18.3,29.4,0,,19.2,8,31.7,1016,701
2020-08-12,23.7,17.7,29.8,0,,52.2,12.5,29.6,1016.1,748
2020-08-13,22.3,17.5,30.1,4.5,,121.8,8,50,1014.2,524
2020-08-14,21.1,17.4,25.8,0.4,,345.8,8.1,31.7,1013.9,156
2020-08-15,19.9,18.5,22.5,5.2,,337.1,9.3,24.1,1014,64
2020-08-16,21.8,18.2,27,0,,38.8,9.6,35.3,1012.3,512
2020-08-17,20.8,16.3,25.3,0,,333.6,10.8,27.8,1010.6,263
2020-08-18,18.5,15,21.1,1.2,,307.6,11.9,40.7,1011.7,466
2020-08-19,18.7,14,24.6,0.6,,298.7,12.3,33.5,1012.2,550
2020-08-20,20.3,12.2,28.5,0.1,,360,4.5,25.9,1012.9,750
2020-08-21,23.4,15.7,31.3,0,,8.1,6.9,22.3,1013.5,758
2020-08-22,21.5,17,28.5,10,,323.9,13.1,50,1015.6,273
2020-08-23,19.9,16.9,24.3,0.2,,327.2,9.9,35.3,1017.8,263
2020-08-24,18.3,13.9,22.9,0,,341.8,9,27.7,1017.1,501
2020-08-25,18.5,12.4,24.6,0,,349.3,6.8,18.4,1015.1,644
2020-08-26,21.4,14.1,29.3,0,,308.3,20.9,70.6,1011.5,683
2020-08-27,18.8,13.1,23.4,0,,301.6,15.2,42.5,1016.3,560
2020-08-28,18.4,10.6,27.2,0,,30,10.3,50,1008.1,484
2020-08-29,17.5,15.4,20.2,7.1,,345.7,8.6,20.5,1007.4,0
2020-08-30,17.1,15.3,21.2,7.8,,347.5,10.4,51.8,1005.5,33
2020-08-31,15.6,13.1,18.6,0.4,,309.3,13.5,57.6,1016.3,114
2020-09-01,15,13.1,18.3,9,,288.7,15,31.7,1014.3,119
2020-09-02,14.6,11.3,18.9,0,,352.1,7.1,16.6,1017.7,114
2020-09-03,15.3,9.9,21.5,0.1,,349.4,7.7,24.1,1022.6,677
2020-09-04,18.6,12.6,25.9,0,,357.5,4.9,24.1,1024.3,538
2020-09-05,20.4,12.6,27.9,0.2,,348.6,7.1,25.9,1017.2,605
2020-09-06,17,15.1,19.4,13,,332.6,7.6,29.5,1017.4,120
2020-09-07,15.3,13.7,16.8,5.2,,355.6,6.2,16.6,1022.3,1
2020-09-08,15.3,8.8,22.5,0.2,,2,5.4,18.4,1027.5,413
2020-09-09,16.4,9,24.9,0.1,,360,5,13,1023.6,535
2020-09-10,18.2,12,24.4,0.1,,4.7,9.6,25.9,1019.4,616
2020-09-11,18.6,14.7,23.8,0,,14.6,8.4,24.1,1017.1,361
2020-09-12,18.9,12.9,25.4,0,,358,5,13,1019.4,557
2020-09-13,19.9,13.8,26.9,0,,360,4.8,14.8,1025.7,530
2020-09-14,20.3,12.9,27.5,0,,58.7,14.7,44.6,1026.1,639
2020-09-15,21.9,16.7,28.9,0,,27,10.5,29.5,1021.2,659
2020-09-16,20.5,14.1,27.2,0,,355.3,7.1,18.4,1018.1,644
2020-09-17,18.7,16.9,21.9,0.6,,10.3,12.2,31.7,1021.5,174
2020-09-18,14.8,10.7,18.8,0,,85.6,17,38.9,1025.8,
2020-09-19,13.8,8.3,20.4,0,,57,11.4,29.5,1020.6,
2020-09-20,14.4,7.5,21.7,0,,32.7,9.6,27.7,1016.3,
2020-09-21,15.2,8.4,22.2,0,,2.5,6,22.3,1016.1,
2020-09-22,17.2,11.1,24.4,0,,5.1,5.1,18.4,1012.4,
2020-09-23,15.6,12.9,18.3,5.1,,333.4,9.6,33.5,1008.5,
2020-09-24,16.2,11.9,21.5,0.3,,12.9,6.9,27.7,1008.5,
2020-09-25,12.2,4.9,16.1,15.7,,264,19.4,48.2,1001.1,
2020-09-26,7.3,5.2,8.9,16,,254.2,21.5,51.8,1000.4,
2020-09-27,9.8,4.5,14.9,0,,18.5,8.4,38.9,1006.2,
2020-09-28,9.6,8.7,10.7,7.2,,347.8,10.8,22.3,1010.6,
2020-09-29,11.3,8.9,15,0,,285.2,13.4,33.5,1017.5,
2020-09-30,12.9,9.1,16.9,0,,273.8,13.8,29.5,1016.5,
2020-10-01,10.3,5.7,18.5,0.1,0,360,5.1,11.2,1008.6,
2020-10-02,13.4,6.8,20,0,0,54.4,14.4,38.9,999.5,
2020-10-03,16.5,10.6,24.2,0,0,65.7,17.1,50,993.9,
2020-10-04,12.1,7.3,18.3,0,0,351.7,10.5,44.6,1000.9,
2020-10-05,12.2,9,14.4,0.6,0,341.6,15.6,42.5,1006.6,
2020-10-06,11.7,7.6,17.1,0.2,0,357.9,6.6,20.5,1011.1,
2020-10-07,11.5,9.4,14.6,3.4,0,305.6,14.3,48.2,1014,
2020-10-08,12.4,9.6,16.9,0.2,0,304.8,11.6,33.5,1022.7,
2020-10-09,13.5,8.7,19.3,0,0,360,4.7,16.6,1021.3,
2020-10-10,10.8,7.8,16.4,1.4,0,329.7,11.4,53.6,1020.5,
2020-10-11,7.9,5.7,8.8,15.5,0,355,6.9,20.5,1020.8,
2020-10-12,7.1,5.2,11.1,5.4,0,282.2,14.7,37.1,1019.3,
2020-10-13,7.3,6.2,9,0.5,0,296.2,12.9,27.7,1013.3,
2020-10-14,6.9,6.1,7.9,4.1,0,259.6,26,57.6,1009.9,
2020-10-15,7.1,4.5,9.3,4.5,0,352.3,6.5,22.3,1013.9,
2020-10-16,6.9,6.4,7.7,5.8,0,330.9,9.5,22.3,1015.5,
2020-10-17,7.5,6.1,9.4,0.3,0,314.5,12.2,29.5,1017.9,
2020-10-18,8,5.1,10.5,0.8,0,288.9,11.4,25.9,1022.4,
2020-10-19,7.2,5,11.9,0,0,360,4.8,16.6,1024.8,
2020-10-20,7.1,4.3,11.7,0,0,48.3,11.4,22.3,1020.6,
2020-10-21,6.7,2.1,11,0,0,30,9.8,29.5,1016.3,
2020-10-22,7.7,5,10.4,0,0,360,4,13,1020.1,
2020-10-23,10,7.8,14,0,0,360,2.8,9.4,1017.2,
2020-10-24,12.1,10,14.1,3.4,0,340.8,8.5,27.7,1017.6,
2020-10-25,9.8,6.6,13,0,0,37.3,8.6,25.9,1013.1,
2020-10-26,10.2,7.7,11.9,0.4,0,313.1,13.5,33.5,1006.3,
2020-10-27,6.3,2.9,9.2,3.4,0,290.2,12,35.3,1014.5,
2020-10-28,4.9,1.6,8.3,0,0,360,5,14.8,1018.2,
2020-10-29,8.1,5,11.3,6.2,0,322.3,12.3,53.6,1020.6,
2020-10-30,10.9,7.5,13.4,6,0,264.2,17.9,46.4,1023.6,
2020-10-31,11.4,5.9,14.8,0.4,0,311.3,11.1,29.5,1024.6,
2020-11-01,7.5,3.4,9.6,2.9,0,360,3.2,11.2,1022.1,
2020-11-02,14.3,9.7,20.6,0.4,0,352.1,7.1,29.5,1019.1,
2020-11-03,13.5,10.7,16.3,4.1,0,269.1,7.7,40.7,1022,
2020-11-04,9.2,8.1,10.3,10.8,0,323.9,11.3,40.7,1030.2,
2020-11-05,7.5,2.8,9.7,0,0,42.7,8.6,22.3,1036.7,
2020-11-06,3.7,-0.9,10,0.1,0,360,4.9,18.4,1035.5,
2020-11-07,3.3,-1.2,9.9,0.1,0,360,5.6,13,1030.1,
2020-11-08,1.1,-0.9,2.7,0.2,0,2.4,5.7,16.6,1028.3,
2020-11-09,3.8,2.4,5.1,0.3,0,2.2,8.7,16.6,1028.3,
2020-11-10,4.7,3.9,5.2,0,0,5.1,7.8,18.4,1029.7,
2020-11-11,4.7,3.9,5.2,0,0,104.5,7.4,18.4,1028.7,
2020-11-12,6.1,5.1,7,0,0,10.7,7.5,20.5,1025,
2020-11-13,5.9,4.7,7,0,0,102.1,4.7,13,1024.9,
2020-11-14,6.5,4.6,11.7,0,0,10.8,5.4,18.5,1024.2,
2020-11-15,5.1,4.6,5.4,0,0,84.3,14.9,35.3,1020.1,
2020-11-16,5.2,3.5,7.1,2.2,0,275.5,5.2,20.4,1021,
2020-11-17,6.9,3.6,11.4,0.2,0,345,8.1,20.5,1029.8,
2020-11-18,3.8,-0.1,10.5,0.1,0,360,4.5,14.8,1029.9,
2020-11-19,3.8,-0.4,7.9,1.7,0,341.1,8.4,42.5,1025.5,
2020-11-20,5.1,1.7,6.9,0.6,0,293.1,16.4,31.7,1031.8,
2020-11-21,1.1,-2.1,5.3,0,0,343.8,5.3,20.4,1037,
2020-11-22,-0.5,-4.4,4.7,0.2,0,360,4.4,13,1031.8,
2020-11-23,3.4,0.4,6.6,0,0,313.1,10.7,31.7,1030.4,
2020-11-24,3.5,0,7.4,0,0,35.6,9.9,25.9,1028.7,
2020-11-25,0.8,-0.4,1.7,0,0,42.3,11.9,24.1,1025.3,
2020-11-26,-0.9,-1.6,-0.3,0,0,354.3,5.9,14.8,1026.8,
2020-11-27,-1.7,-2.2,-1.2,0,0,360,5.9,14.8,1025.4,
2020-11-28,-0.8,-1.9,0.7,0,0,11.4,7.4,18.4,1023.6,
2020-11-29,0.5,-3.8,3.7,0,0,10.3,7.7,24.1,1025.1,
2020-11-30,-0.2,-3.9,4.3,0,0,298.1,5.1,16.6,1026.8,
2020-12-01,-3.3,-5.8,-1.2,0.2,0,16.3,7.8,24.1,1021.2,
2020-12-02,-1.7,-3.8,0.1,0,0,50.1,11.1,24.1,1018.3,
2020-12-03,-2.5,-4.3,-0.5,1.4,10,20.2,8.1,33.5,1010.8,
2020-12-04,-0.2,-5.7,4.9,0,0,31.7,11.9,33.5,996.9,
2020-12-05,7.3,0.1,11,0,0,60.2,23,61.2,998.5,
2020-12-06,11,9.6,13.4,0,0,84.2,31.8,70.6,997.9,
2020-12-07,4.8,0.5,9.8,0,0,356,12.3,53.6,1002,
2020-12-08,2.4,-4.9,7.9,0,0,47.5,15.2,48.2,1004.4,
2020-12-09,2.3,0,5,5.2,0,17.8,9.8,55.4,1008.5,
2020-12-10,0.3,-0.2,1.2,7.2,10,360,5.7,13,1008.7,
2020-12-11,0.9,0.1,1.8,0.1,0,21.6,7.8,27.7,1004.6,
2020-12-12,1.2,0,2.3,0,0,360,5.1,13,1003.1,
2020-12-13,2.1,0.5,3.8,2.9,0,360,4.8,13,1013.5,
2020-12-14,3.9,3,5.2,0.1,0,14.7,8.6,27.7,1018,
2020-12-15,1.8,1,3.1,0,0,59,12.3,35.3,1018.3,
2020-12-16,1.8,0.4,2.9,0,0,71.3,11.6,25.9,1022.7,
2020-12-17,2,1.5,2.6,0,0,5.7,7.7,20.5,1027,
2020-12-18,1.2,0.4,2,0,0,18.4,7.4,29.5,1029.1,
2020-12-19,0.6,-0.1,1.6,0,0,80.3,14,29.5,1026.3,
2020-12-20,1.2,0.5,1.8,0,0,38.5,10.2,24.1,1026.2,
2020-12-21,1.4,0.6,3.1,0.1,0,11.4,6.9,25.9,1027.3,
2020-12-22,4,1.5,10,8.2,0,0.7,7.4,25.9,1022.1,
2020-12-23,8,4.2,12.3,0.2,0,277.9,3.5,11.2,1017.6,
2020-12-24,6.7,5.1,8.2,2,0,266.9,13.4,44.6,1012.4,
2020-12-25,2.7,0.7,5.9,10.6,0,336.4,9.9,24.1,1016.1,
2020-12-26,-0.2,-4.3,1.7,0,0,307.9,13.2,35.3,1025.8,
2020-12-27,-3.4,-6.5,2,0,0,10.9,8.7,27.7,1008.1,
2020-12-28,1.8,-2.6,6.2,0.2,0,47.2,16.4,46.4,985.2,
2020-12-29,-0.5,-2.2,0.8,0.1,10,360,6.8,16.6,995.3,
2020-12-30,0.8,-1.3,3.2,0,10,357.8,6.3,14.8,1005.9,
2020-12-31,-0.9,-4.5,4.6,0.1,0,5.2,5.4,16.6,1009.9,
